local_machine_id,local_inode_id,remote_machine_id,remote_inode_id,inserted_at
1,59600,0,0,2025-08-27 14:08:10.040034
1,59601,1,59600,2025-08-27 14:08:10.040065
1,59555,0,0,2025-08-27 14:08:10.040066
1,59289,1,59555,2025-08-27 14:08:10.040067
1,70807,0,0,2025-08-27 14:08:10.040068
1,70808,1,70807,2025-08-27 14:08:10.040069
1,70045,0,0,2025-08-27 14:08:10.661315
1,70049,1,70045,2025-08-27 14:08:10.661328
1,70823,0,0,2025-08-27 14:08:10.661329
1,70049,0,0,2025-08-27 14:08:10.66133
1,70053,1,70823,2025-08-27 14:08:10.661331
1,70053,0,0,2025-08-27 14:08:10.661332
1,70823,1,70053,2025-08-27 14:08:10.661332
1,70045,1,70049,2025-08-27 14:08:10.661333
1,70808,0,0,2025-08-27 14:08:10.861467
1,70807,1,70808,2025-08-27 14:08:10.861478
1,59601,0,0,2025-08-27 14:08:10.861479
1,59600,1,59601,2025-08-27 14:08:10.86148
1,59392,0,0,2025-08-27 14:08:10.861481
1,59699,1,59392,2025-08-27 14:08:10.861482
1,59699,0,0,2025-08-27 14:08:10.962207
1,59392,1,59699,2025-08-27 14:08:10.962218
1,59289,0,0,2025-08-27 14:08:11.064777
1,59555,1,59289,2025-08-27 14:08:11.064788
1,59713,0,0,2025-08-27 14:08:11.064789
1,59714,1,59713,2025-08-27 14:08:11.06479
1,59714,0,0,2025-08-27 14:08:11.064791
1,59713,1,59714,2025-08-27 14:08:11.064792
1,70082,0,0,2025-08-27 14:08:11.064793
1,70887,0,0,2025-08-27 14:08:11.064794
1,70082,1,70887,2025-08-27 14:08:11.064795
1,70887,1,70082,2025-08-27 14:08:11.064796
1,69758,0,0,2025-08-27 14:08:13.990318
1,70799,1,69758,2025-08-27 14:08:13.990331
1,70801,0,0,2025-08-27 14:08:13.990332
1,70802,1,70801,2025-08-27 14:08:13.990333
1,70802,0,0,2025-08-27 14:08:36.655786
1,70801,1,70802,2025-08-27 14:08:36.655799
1,75107,0,0,2025-08-27 14:09:22.564553
1,75108,1,75107,2025-08-27 14:09:22.564564
1,75108,0,0,2025-08-27 14:09:22.564565
1,75107,1,75108,2025-08-27 14:09:22.564581
1,74323,0,0,2025-08-27 14:09:22.76471
1,75171,1,74323,2025-08-27 14:09:22.764721
1,75171,0,0,2025-08-27 14:09:22.764722
1,74323,1,75171,2025-08-27 14:09:22.764723
1,26261,0,0,2025-08-27 14:09:22.764724
1,26845,1,26261,2025-08-27 14:09:22.764724
1,26845,0,0,2025-08-27 14:09:22.764725
1,26261,1,26845,2025-08-27 14:09:22.764727
1,75173,0,0,2025-08-27 14:09:23.164983
1,74324,1,75173,2025-08-27 14:09:23.164995
1,74324,0,0,2025-08-27 14:09:23.164996
1,75173,1,74324,2025-08-27 14:09:23.164997
1,26829,0,0,2025-08-27 14:09:23.370891
1,26238,1,26829,2025-08-27 14:09:23.370902
1,26238,0,0,2025-08-27 14:09:23.370903
1,26829,1,26238,2025-08-27 14:09:23.370904
1,26225,0,0,2025-08-27 14:09:23.470957
1,26821,1,26225,2025-08-27 14:09:23.470968
1,26821,0,0,2025-08-27 14:09:23.470969
1,26225,1,26821,2025-08-27 14:09:23.47097
1,75192,0,0,2025-08-27 14:09:23.571057
1,75193,1,75192,2025-08-27 14:09:23.571069
1,75193,0,0,2025-08-27 14:09:23.57107
1,75192,1,75193,2025-08-27 14:09:23.571071
1,26292,0,0,2025-08-27 14:09:23.571072
1,24698,1,26292,2025-08-27 14:09:23.571073
1,26822,0,0,2025-08-27 14:09:23.671143
1,26230,1,26822,2025-08-27 14:09:23.671155
1,26230,0,0,2025-08-27 14:09:23.671156
1,26822,1,26230,2025-08-27 14:09:23.671157
1,26214,0,0,2025-08-27 14:09:23.671158
1,26814,1,26214,2025-08-27 14:09:23.671159
1,26814,0,0,2025-08-27 14:09:23.67116
1,26214,1,26814,2025-08-27 14:09:23.671161
1,26848,0,0,2025-08-27 14:09:23.77124
1,26847,1,26848,2025-08-27 14:09:23.771251
1,26847,0,0,2025-08-27 14:09:23.771252
1,26848,1,26847,2025-08-27 14:09:23.771253
1,26853,0,0,2025-08-27 14:09:23.771254
1,26262,1,26853,2025-08-27 14:09:23.771255
1,26262,0,0,2025-08-27 14:09:23.771256
1,26853,1,26262,2025-08-27 14:09:23.771257
1,26223,0,0,2025-08-27 14:09:23.771258
1,75195,0,0,2025-08-27 14:09:23.771259
1,74535,1,75195,2025-08-27 14:09:23.77126
1,26817,1,26223,2025-08-27 14:09:23.771261
1,26817,0,0,2025-08-27 14:09:23.771262
1,26223,1,26817,2025-08-27 14:09:23.771263
1,26244,0,0,2025-08-27 14:09:23.771263
1,26832,1,26244,2025-08-27 14:09:23.771264
1,26832,0,0,2025-08-27 14:09:23.771265
1,26244,1,26832,2025-08-27 14:09:23.771266
1,74535,0,0,2025-08-27 14:09:23.771267
1,75195,1,74535,2025-08-27 14:09:23.771268
1,23395,0,0,2025-08-27 14:09:23.771274
1,26181,1,23395,2025-08-27 14:09:23.771276
1,26181,0,0,2025-08-27 14:09:23.771276
1,23395,1,26181,2025-08-27 14:09:23.771277
1,23396,0,0,2025-08-27 14:09:23.771279
1,26182,1,23396,2025-08-27 14:09:23.771279
1,26182,0,0,2025-08-27 14:09:23.771279
1,23396,1,26182,2025-08-27 14:09:23.771279
1,26860,0,0,2025-08-27 14:09:23.871363
1,26859,1,26860,2025-08-27 14:09:23.871369
1,26859,0,0,2025-08-27 14:09:23.87137
1,26860,1,26859,2025-08-27 14:09:23.871371
1,26251,0,0,2025-08-27 14:09:23.971445
1,26834,1,26251,2025-08-27 14:09:23.971456
1,26834,0,0,2025-08-27 14:09:23.971457
1,26251,1,26834,2025-08-27 14:09:23.971458
1,26807,0,0,2025-08-27 14:09:23.971459
1,26206,1,26807,2025-08-27 14:09:23.97146
1,26206,0,0,2025-08-27 14:09:23.971461
1,26807,1,26206,2025-08-27 14:09:23.971462
1,26824,0,0,2025-08-27 14:09:23.971463
1,26234,1,26824,2025-08-27 14:09:24.071554
1,26234,0,0,2025-08-27 14:09:24.071566
1,26824,1,26234,2025-08-27 14:09:24.071567
1,26804,0,0,2025-08-27 14:09:24.071567
1,26803,1,26804,2025-08-27 14:09:24.071569
1,26803,0,0,2025-08-27 14:09:24.071569
1,26804,1,26803,2025-08-27 14:09:24.07157
1,26876,0,0,2025-08-27 14:09:24.171654
1,26875,1,26876,2025-08-27 14:09:24.171663
1,26875,0,0,2025-08-27 14:09:24.171664
1,26876,1,26875,2025-08-27 14:09:24.171665
1,75196,0,0,2025-08-27 14:09:24.171666
1,74537,1,75196,2025-08-27 14:09:24.171667
1,74537,0,0,2025-08-27 14:09:24.171668
1,75196,1,74537,2025-08-27 14:09:24.171669
